,KPZETAF BZ Equity,HPRFIC BZ Equity
,PX_LAST,PX_LAST
Date,,
2016-08-17,2317875.0,12751053.0
2016-08-18,2307937.0,12733791.0
2016-08-19,231427.0,12789221.0
2016-08-22,2305978.0,12785333.0
2016-08-23,231088.0,12774162.0
2016-08-24,2303305.0,12759821.0
2016-08-25,2306933.0,12746974.0
2016-08-26,2299236.0,12710525.0
2016-08-29,2303115.0,12724531.0
2016-08-30,2311786.0,12721434.0
2016-08-31,2311886.0,12732635.0
2016-09-09,2325347.0,12871549.0
2016-09-11,2508201.0,13578099.0
2016-09-12,2507599.0,13953363.0
2016-09-13,2313277.0,12803954.0
2016-09-14,2290987.0,12828098.0
2016-09-15,2315355.0,12881383.0
2016-09-16,2315304.0,1294726.0
2016-09-19,2314947.0,12921328.0
2016-09-20,2329254.0,12962375.0
2016-09-21,2351014.0,13039557.0
2016-09-22,2373904.0,1312568.0
2016-09-23,2369149.0,13152335.0
2016-09-26,2350642.0,13122752.0
2016-09-27,2354352.0,13138261.0
2016-09-28,2367931.0,13129266.0
2016-09-29,2353165.0,13113217.0
2016-09-30,2356717.0,13129213.0
2016-10-10,2407892.0,13291427.0
2016-10-11,245374.0,13669681.0
2016-10-13,2418059.0,1332001.0
2016-10-14,2424868.0,13324175.0
2016-10-17,2438287.0,13332037.0
2016-10-18,2446296.0,13350461.0
2016-10-19,2448803.0,13391494.0
2016-10-20,2452341.0,13432876.0
2016-10-21,247041.0,13389346.0
2016-10-24,2484065.0,13476653.0
2016-10-25,2494082.0,1346875.0
2016-10-26,2490382.0,13465055.0
2016-10-27,2506655.0,1349321.0
2016-10-28,2494089.0,13509673.0
2016-10-31,2502167.0,13507786.0
2016-11-10,2400475.0,13282694.0
2016-11-11,2439239.0,13691943.0
2016-11-14,2414658.0,13729058.0
2016-11-16,2422164.0,13745861.0
2016-11-17,2437509.0,13741043.0
2016-11-18,2444839.0,13801656.0
2016-11-21,2457616.0,1380474.0
2016-11-22,2456641.0,13811826.0
2016-11-23,2446934.0,13836426.0
2016-11-24,2449218.0,13849212.0
2016-11-25,2448491.0,13841821.0
2016-11-28,2462286.0,13827521.0
2016-11-29,2471599.0,13838769.0
2016-11-30,2495241.0,13862536.0
2016-12-09,2333327.0,12883951.0
2016-12-12,2500768.0,13970868.0
2016-12-13,2493212.0,13968764.0
2016-12-14,2496472.0,13933582.0
2016-12-15,2496136.0,14006856.0
2016-12-16,2496778.0,14005815.0
2016-12-19,2505473.0,14014031.0
2016-12-20,2515588.0,14023665.0
2016-12-21,2526863.0,14076424.0
2016-12-22,2535927.0,14096446.0
2016-12-23,2546522.0,14116751.0
2016-12-26,2550635.0,14130237.0
2016-12-27,2551092.0,14137135.0
2016-12-28,2564919.0,14154846.0
2016-12-29,2571362.0,14154052.0
2016-12-30,2573286.0,1417156.0
2017-01-02,271036.0,14577207.0
2017-01-03,2825771.0,14909871.0
2017-01-06,2739176.0,14523172.0
2017-01-08,2949503.0,14879527.0
2017-01-09,3015204.0,15004086.0
2017-01-11,3073193.0,15677943.0
2017-01-12,308248.0,15683728.0
2017-01-13,2615969.0,14307006.0
2017-01-16,2622019.0,14324309.0
2017-01-17,2622356.0,14315973.0
2017-01-18,2625173.0,14328031.0
2017-01-19,2623526.0,14420347.0
2017-01-20,2639268.0,14476971.0
2017-01-23,2649723.0,14486232.0
2017-01-24,2654725.0,14450683.0
2017-01-25,2660359.0,14461143.0
2017-01-26,2671699.0,14455882.0
2017-01-27,2689854.0,14517993.0
2017-01-30,2698423.0,14564604.0
2017-01-31,2705162.0,1456333.0
2017-02-01,2573075.0,14190155.0
2017-02-02,2715149.0,14592104.0
2017-02-03,2826871.0,14886751.0
2017-02-05,2820562.0,15143248.0
2017-02-06,2749792.0,14533419.0
2017-02-08,2963068.0,14914838.0
2017-02-10,3117982.0,15652974.0
2017-02-13,2777678.0,1474163.0
2017-02-14,2771397.0,14743462.0
2017-02-15,278136.0,14792201.0
2017-02-16,2775315.0,14787873.0
2017-02-17,2783916.0,14807354.0
2017-02-20,2792183.0,1482472.0
2017-02-21,281332.0,14839536.0
2017-02-22,280991.0,1484129.0
2017-02-23,2824107.0,14908229.0
2017-02-24,2805371.0,14870615.0
2017-03-01,2571589.0,14200857.0
2017-03-02,2729564.0,14627616.0
2017-03-03,2835496.0,14916632.0
2017-03-04,2837065.0,15082296.0
2017-03-05,2819445.0,15170345.0
2017-03-07,2824431.0,14613607.0
2017-03-08,2969569.0,14978577.0
2017-03-10,3118447.0,15642529.0
2017-03-11,3052668.0,15677982.0
2017-03-13,2857682.0,1494517.0
2017-03-14,283737.0,14909118.0
2017-03-15,2854587.0,14972952.0
2017-03-16,2835246.0,14963837.0
2017-03-17,2837343.0,14980299.0
2017-03-20,2834733.0,14989762.0
2017-03-21,2830627.0,14981362.0
2017-03-22,2824776.0,14976386.0
2017-03-23,281474.0,14973807.0
2017-03-24,2824189.0,14998325.0
2017-03-27,2829238.0,15021155.0
2017-03-28,2829395.0,15026019.0
2017-03-29,2841947.0,15038132.0
2017-03-30,2832751.0,15035961.0
2017-03-31,284007.0,15064085.0
2017-04-01,2582965.0,14195154.0
2017-04-04,285105.0,15117023.0
2017-04-05,2794044.0,15169668.0
2017-04-07,2827903.0,14618952.0
2017-04-08,29662.0,14928691.0
2017-04-09,3020326.0,15008543.0
2017-04-10,3108394.0,15645926.0
2017-04-12,308798.0,15683665.0
2017-04-13,2812014.0,15115215.0
2017-04-17,2826873.0,15137601.0
2017-04-18,2823351.0,15141339.0
2017-04-19,281653.0,15135722.0
2017-04-20,2815992.0,15136692.0
2017-04-24,2820976.0,15145298.0
2017-04-25,281179.0,15125753.0
2017-04-26,2804765.0,15115646.0
2017-04-27,2793187.0,15119977.0
2017-04-28,28047.0,15135023.0
2017-05-01,2582511.0,14236016.0
2017-05-04,2840414.0,15122183.0
2017-05-05,280655.0,15162942.0
2017-05-06,2747482.0,14539464.0
2017-05-07,283007.0,14653468.0
2017-05-09,3019689.0,15069535.0
2017-05-10,3101613.0,15671993.0
2017-05-12,3075966.0,15672686.0
2017-05-15,2899141.0,15413438.0
2017-05-16,2926432.0,15435539.0
2017-05-17,2916529.0,15393204.0
2017-05-18,2667662.0,1443384.0
2017-05-19,273231.0,14562125.0
2017-05-22,2709278.0,14557764.0
2017-05-23,272863.0,14538028.0
2017-05-24,2758322.0,14510912.0
2017-05-25,2747163.0,14504978.0
2017-05-26,2759107.0,14527988.0
2017-05-29,2764654.0,145434.0
2017-05-30,274064.0,1451465.0
2017-05-31,2741048.0,14532509.0
2017-06-01,2588405.0,14268201.0
2017-06-02,2736608.0,14608808.0
2017-06-03,2843858.0,14924748.0
2017-06-04,2821293.0,15099984.0
2017-06-06,2758732.0,14536878.0
2017-06-07,2839196.0,1466968.0
2017-06-09,3048057.0,15238232.0
2017-06-10,3102178.0,15650462.0
2017-06-11,3079047.0,15641204.0
2017-06-12,3068162.0,1563715.0
2017-06-13,2783884.0,1451901.0
2017-06-14,2775786.0,14492432.0
2017-06-16,2787316.0,14518987.0
2017-06-19,2791904.0,14521669.0
2017-06-20,2781988.0,14514737.0
2017-06-21,2785573.0,1453321.0
2017-06-22,2781595.0,14547571.0
2017-06-23,2784272.0,14594202.0
2017-06-26,2790006.0,14615726.0
2017-06-27,2796276.0,14605868.0
2017-06-28,279846.0,14608267.0
2017-06-29,280338.0,14618774.0
2017-06-30,2819169.0,14629968.0
2017-07-02,2744102.0,14623235.0
2017-07-03,284842.0,14915721.0
2017-07-04,2838325.0,15112581.0
2017-07-06,2758538.0,14521776.0
2017-07-07,2839843.0,14670453.0
2017-07-08,2968169.0,149177.0
2017-07-11,3053506.0,15634708.0
2017-07-12,3055235.0,15653803.0
2017-07-13,2870725.0,14639009.0
2017-07-14,2880854.0,14667062.0
2017-07-17,2884804.0,14681684.0
2017-07-18,2892919.0,14683997.0
2017-07-19,2900163.0,14706158.0
2017-07-20,2910588.0,1473869.0
2017-07-21,2914139.0,14696058.0
2017-07-24,2921134.0,1468431.0
2017-07-25,29287.0,14653878.0
2017-07-26,2917586.0,14654141.0
2017-07-27,293192.0,14798934.0
2017-07-28,2943657.0,14846028.0
2017-07-31,2948459.0,14856573.0
2017-08-02,2759222.0,14680755.0
2017-08-03,2843033.0,14879687.0
2017-08-05,280766.0,15164181.0
2017-08-06,2761504.0,14528802.0
2017-08-08,296765.0,14938006.0
2017-08-09,304972.0,15255398.0
2017-08-11,3081395.0,15660011.0
2017-08-12,3066674.0,15672906.0
2017-08-14,29518.0,14857506.0
2017-08-15,2954224.0,14848231.0
2017-08-16,2947809.0,14858838.0
2017-08-17,2942065.0,14842255.0
2017-08-18,2954157.0,14853171.0
2017-08-21,2943723.0,14838249.0
2017-08-22,2962541.0,14869873.0
2017-08-23,2969683.0,14930647.0
2017-08-24,2971851.0,14980422.0
2017-08-25,2980175.0,15009951.0
2017-08-28,2985932.0,14966165.0
2017-08-29,298927.0,15008246.0
2017-08-30,2984878.0,14994419.0
2017-08-31,2995679.0,14994289.0
2017-09-01,2587182.0,14296376.0
2017-09-02,2758191.0,14676824.0
2017-09-03,2830634.0,14874557.0
2017-09-05,2822575.0,15204087.0
2017-09-06,2778778.0,14509191.0
2017-09-08,2959837.0,14874853.0
2017-09-10,3091918.0,15640501.0
2017-09-11,3070024.0,15675387.0
2017-09-13,3055872.0,15314315.0
2017-09-14,3060341.0,15368106.0
2017-09-15,3070283.0,15405577.0
2017-09-18,3074478.0,15469837.0
2017-09-19,3086864.0,15515401.0
2017-09-20,3100236.0,15541057.0
2017-09-21,3110487.0,15599351.0
2017-09-22,3119221.0,15607983.0
2017-09-25,3102719.0,15565762.0
2017-09-26,3108257.0,15593948.0
2017-09-27,3102056.0,15579747.0
2017-09-28,3102394.0,15589737.0
2017-09-29,3117775.0,15633735.0
2017-10-01,2582352.0,14314662.0
2017-10-02,2770477.0,14744625.0
2017-10-03,285121.0,14933729.0
2017-10-04,2842043.0,15124529.0
2017-10-05,2846557.0,15239164.0
2017-10-07,2843009.0,1465273.0
2017-10-08,2952889.0,14866301.0
2017-10-10,3113351.0,15729415.0
2017-10-11,3047715.0,15663787.0
2017-10-13,3109858.0,15780703.0
2017-10-16,3097308.0,15759221.0
2017-10-17,3098051.0,15717421.0
2017-10-18,3116766.0,1571632.0
2017-10-19,3123568.0,1571876.0
2017-10-20,3124855.0,15719152.0
2017-10-23,3120317.0,15679086.0
2017-10-24,3118375.0,15659219.0
2017-10-25,3122628.0,15700204.0
2017-10-26,3076645.0,15680896.0
2017-10-27,3093556.0,15669365.0
2017-10-30,3078435.0,156574.0
2017-10-31,3083744.0,15659961.0
2017-11-01,2590421.0,14330927.0
2017-11-04,2838666.0,15140527.0
2017-11-05,2869308.0,15296621.0
2017-11-07,2851837.0,1465396.0
2017-11-08,2945957.0,14851189.0
2017-11-09,3051726.0,15260523.0
2017-11-10,311253.0,15713431.0
2017-11-12,305973.0,15679461.0
2017-11-13,3041848.0,15649469.0
2017-11-14,3019995.0,15644573.0
2017-11-16,3036842.0,15661225.0
2017-11-17,3069989.0,15693812.0
2017-11-20,3066057.0,15695988.0
2017-11-21,3084608.0,15713265.0
2017-11-22,3100711.0,15706851.0
2017-11-23,3114606.0,15727263.0
2017-11-24,3112146.0,15718177.0
2017-11-27,3121462.0,15687908.0
2017-11-28,3119321.0,15703615.0
2017-11-29,3086447.0,15684393.0
2017-11-30,3072047.0,15697033.0
2017-12-01,2614767.0,1434909.0
2017-12-04,2823236.0,15116321.0
2017-12-05,2875625.0,15346048.0
2017-12-06,277446.0,14510425.0
2017-12-07,2867646.0,14649059.0
2017-12-09,3051782.0,15254575.0
2017-12-12,3046314.0,15670722.0
2017-12-13,304527.0,15652244.0
2017-12-14,3027604.0,15624698.0
2017-12-15,3025764.0,15650289.0
2017-12-18,3038363.0,15655184.0
2017-12-19,3029928.0,1567049.0
2017-12-20,3051764.0,15673811.0
2017-12-21,3039655.0,15710078.0
2017-12-22,3037359.0,15750605.0
2017-12-26,3043741.0,15762303.0
2017-12-27,3055576.0,15767162.0
2017-12-28,3073702.0,1577462.0
2017-12-29,3085361.0,157746.0
2018-01-02,326689.0,1615547.0
2018-01-03,3347658.0,16279253.0
2018-01-06,3494684.0,16857981.0
2018-01-08,3608098.0,17473249.0
2018-01-10,3684539.0,17583761.0
2018-01-11,3806687.0,18120636.0
2018-01-15,3166847.0,15807103.0
2018-01-16,3167996.0,15849633.0
2018-01-17,3172558.0,15923413.0
2018-01-18,3177474.0,15918132.0
2018-01-19,3183189.0,15944622.0
2018-01-22,3184229.0,15941759.0
2018-01-23,3180044.0,15877248.0
2018-01-24,3237573.0,16076723.0
2018-01-25,3232106.0,16079132.0
2018-01-26,3258608.0,16152836.0
2018-01-29,3244483.0,16112258.0
2018-01-30,3231138.0,1609948.0
2018-01-31,3246246.0,16114968.0
2018-02-01,3159762.0,15820693.0
2018-02-02,3259186.0,16102807.0
2018-02-03,3359681.0,16338375.0
2018-02-04,3448181.0,16477582.0
2018-02-05,3553637.0,16522613.0
2018-02-07,354493.0,17603571.0
2018-02-08,3613205.0,17497296.0
2018-02-10,3686479.0,17648388.0
2018-02-14,3266466.0,16066303.0
2018-02-15,3276976.0,16059476.0
2018-02-16,3285902.0,16154564.0
2018-02-19,3313135.0,16152865.0
2018-02-20,3317579.0,16214651.0
2018-02-21,3336031.0,16247598.0
2018-02-22,3336043.0,16232665.0
2018-02-23,3342009.0,1622395.0
2018-02-26,3347279.0,16223586.0
2018-02-27,3339434.0,16238641.0
2018-02-28,3345384.0,16293745.0
2018-03-01,3140248.0,15829039.0
2018-03-04,3457113.0,16490264.0
2018-03-05,3540668.0,1655585.0
2018-03-07,3546995.0,17581335.0
2018-03-08,3620229.0,17579129.0
2018-03-09,3603044.0,17660448.0
2018-03-10,3714291.0,17737097.0
2018-03-12,374185.0,18030031.0
2018-03-13,3373217.0,16476852.0
2018-03-14,3365403.0,16463834.0
2018-03-15,3350843.0,16450228.0
2018-03-16,339034.0,16454443.0
2018-03-19,3389978.0,16492458.0
2018-03-20,3389895.0,16476106.0
2018-03-21,3415476.0,16487895.0
2018-03-22,3463706.0,1646695.0
2018-03-23,3471045.0,1648557.0
2018-03-26,3489703.0,16499705.0
2018-03-27,3461861.0,16480116.0
2018-03-28,3449285.0,16465271.0
2018-03-29,3469088.0,16469497.0
2018-04-01,315054.0,1584764.0
2018-04-04,3454237.0,16522617.0
2018-04-05,3532754.0,16554742.0
2018-04-06,3531483.0,1684616.0
2018-04-07,3562135.0,17603629.0
2018-04-09,3602602.0,17669505.0
2018-04-10,3711573.0,17741864.0
2018-04-12,3689812.0,1801273.0
2018-04-13,3493277.0,16498165.0
2018-04-16,3496477.0,16528988.0
2018-04-17,3527116.0,16503404.0
2018-04-18,3543132.0,16499752.0
2018-04-19,3544889.0,16530914.0
2018-04-20,3559245.0,16471136.0
2018-04-23,3569015.0,16532429.0
2018-04-24,3553973.0,16505789.0
2018-04-25,355705.0,16542607.0
2018-04-26,3574997.0,1650657.0
2018-04-27,3575152.0,16511128.0
2018-04-30,3568474.0,16527724.0
2018-05-01,3140958.0,15829946.0
2018-05-02,3239983.0,16034701.0
2018-05-03,3365444.0,16393588.0
2018-05-04,3483838.0,16516166.0
2018-05-06,3513384.0,16993104.0
2018-05-07,3572343.0,17613814.0
2018-05-09,362686.0,17669712.0
2018-05-10,3717548.0,17732057.0
2018-05-11,3816155.0,18106768.0
2018-05-12,3704267.0,18004318.0
2018-05-14,3559826.0,16595186.0
2018-05-15,3549857.0,16571506.0
2018-05-16,3558652.0,1648061.0
2018-05-17,3523601.0,16611921.0
2018-05-18,3502107.0,16656649.0
2018-05-21,3525828.0,16714523.0
2018-05-22,3559727.0,16623383.0
2018-05-23,3537452.0,16664414.0
2018-05-24,3510522.0,16717056.0
2018-05-25,3490922.0,16732313.0
2018-05-28,3480413.0,16776141.0
2018-05-29,3443381.0,16825983.0
2018-05-30,3464757.0,16849602.0
2018-06-02,3259499.0,1601407.0
2018-06-03,3358856.0,16407041.0
2018-06-04,3488585.0,16532489.0
2018-06-06,3529998.0,17069414.0
2018-06-07,3569359.0,17580817.0
2018-06-08,3609033.0,17552802.0
2018-06-09,3636834.0,175841.0
2018-06-11,3785152.0,18049976.0
2018-06-12,3674436.0,17980875.0
2018-06-13,3519355.0,17516429.0
2018-06-14,3503282.0,17610225.0
2018-06-15,3501581.0,17679017.0
2018-06-18,350085.0,17634613.0
2018-06-19,3501577.0,17567289.0
2018-06-20,3517306.0,17623974.0
2018-06-21,3513011.0,17732257.0
2018-06-22,3528907.0,17743393.0
2018-06-25,3533285.0,17707119.0
2018-06-26,3538749.0,17656563.0
2018-06-27,3533608.0,17641269.0
2018-06-28,3536768.0,17619757.0
2018-06-29,3553447.0,17588366.0
2018-07-02,3253543.0,16003267.0
2018-07-03,3360779.0,16430004.0
2018-07-05,3526008.0,16517996.0
2018-07-06,3487417.0,17116649.0
2018-07-08,3604951.0,17540779.0
2018-07-11,3772378.0,18049072.0
2018-07-12,3655573.0,18001237.0
2018-07-13,3586773.0,1742187.0
2018-07-16,3583266.0,17423902.0
2018-07-17,3590029.0,1741494.0
2018-07-18,3578869.0,17430704.0
2018-07-19,3570514.0,17438255.0
2018-07-20,3589955.0,17498443.0
2018-07-23,3609109.0,17491512.0
2018-07-24,3612199.0,17471452.0
2018-07-25,3614686.0,17489799.0
2018-07-26,3597073.0,17479114.0
2018-07-27,3603057.0,1748828.0
2018-07-30,3607518.0,17478525.0
2018-07-31,3611342.0,17473951.0
2018-08-01,3133661.0,15821207.0
2018-08-02,3242096.0,16003479.0
2018-08-03,3357325.0,16437687.0
2018-08-05,3522707.0,16464533.0
2018-08-06,3503471.0,17361753.0
2018-08-08,35947.0,17554413.0
2018-08-10,376069.0,17894385.0
2018-08-11,3741365.0,18071771.0
2018-08-13,3565002.0,17674685.0
2018-08-14,3562591.0,17646879.0
2018-08-15,3529723.0,17646253.0
2018-08-16,3527114.0,175969.0
2018-08-17,3523782.0,17606133.0
2018-08-20,3544889.0,17609952.0
2018-08-21,3562565.0,17618552.0
2018-08-22,3573322.0,17609278.0
2018-08-23,3565675.0,17618063.0
2018-08-24,3584758.0,17593698.0
2018-08-27,3605508.0,17577729.0
2018-08-28,3609125.0,17610192.0
2018-08-29,3618873.0,17627786.0
2018-08-30,3596339.0,17694406.0
2018-08-31,3600526.0,17661262.0
2018-09-01,3127918.0,15809084.0
2018-09-02,3230186.0,15951862.0
2018-09-03,3374882.0,16455246.0
2018-09-04,3476817.0,16543089.0
2018-09-05,3549898.0,16463624.0
2018-09-07,3579558.0,17582524.0
2018-09-08,3584779.0,17554657.0
2018-09-10,3773668.0,17981414.0
2018-09-11,3746477.0,18106321.0
2018-09-13,3651372.0,17550683.0
2018-09-14,3654466.0,17546784.0
2018-09-17,3655494.0,17538191.0
2018-09-18,3657212.0,17513868.0
2018-09-19,365326.0,17483536.0
2018-09-20,3667153.0,1745703.0
2018-09-21,3674726.0,17429052.0
2018-09-24,366556.0,17470034.0
2018-09-25,3683161.0,17518015.0
2018-09-26,3671355.0,17554676.0
2018-09-27,3686999.0,17601577.0
2018-09-28,3686435.0,17566368.0
2018-10-01,3122683.0,15785043.0
2018-10-04,3485654.0,16533739.0
2018-10-05,3579158.0,16470994.0
2018-10-07,3572407.0,17524274.0
2018-10-08,3557279.0,17654326.0
2018-10-09,3639447.0,17632078.0
2018-10-10,3743997.0,17960863.0
2018-10-12,3609604.0,17977159.0
2018-10-15,372688.0,17970396.0
2018-10-16,3768446.0,1795328.0
2018-10-17,3770965.0,17986341.0
2018-10-18,3730651.0,17975462.0
2018-10-19,3729847.0,17988052.0
2018-10-22,377334.0,18050156.0
2018-10-23,376029.0,18025205.0
2018-10-24,3726714.0,18051028.0
2018-10-25,3768458.0,18057066.0
2018-10-26,3818582.0,18144473.0
2018-10-29,3751319.0,18107318.0
2018-10-30,3805046.0,18113048.0
2018-10-31,3809806.0,18133755.0
2018-11-01,3144174.0,1580222.0
2018-11-04,3478094.0,16536279.0
2018-11-05,3571402.0,16484298.0
2018-11-06,3505156.0,17396319.0
2018-11-07,3574686.0,17471333.0
2018-11-09,3644453.0,17593067.0
2018-11-10,3714433.0,17960136.0
2018-11-12,3620644.0,17987847.0
2018-11-13,3716103.0,18107735.0
2018-11-14,3733287.0,18143588.0
2018-11-16,3767183.0,18149968.0
2018-11-19,3742857.0,1815158.0
2018-11-20,3728602.0,18153773.0
2018-11-21,371257.0,18065837.0
2018-11-22,3727426.0,18066034.0
2018-11-23,3697634.0,18063413.0
2018-11-26,3650198.0,18008058.0
2018-11-27,3688148.0,1799498.0
2018-11-28,3708939.0,18001741.0
2018-11-29,3708595.0,18009116.0
2018-11-30,370977.0,18018346.0
2018-12-01,3150807.0,15800454.0
2018-12-03,3373014.0,16486854.0
2018-12-04,3504352.0,16510872.0
2018-12-06,3514334.0,17428279.0
2018-12-07,3591161.0,17442367.0
2018-12-09,3647568.0,17555535.0
2018-12-11,3735503.0,18136095.0
2018-12-12,3659806.0,17994966.0
2018-12-13,3666143.0,18008261.0
2018-12-14,3653958.0,18029309.0
2018-12-17,3610657.0,18027886.0
2018-12-18,3600236.0,18034159.0
2018-12-19,361086.0,18063496.0
2018-12-20,3613857.0,18117115.0
2018-12-21,3594187.0,1814865.0
2018-12-24,3594149.0,18152395.0
2018-12-26,3590881.0,18160415.0
2018-12-27,3598505.0,18203804.0
2018-12-28,3636432.0,18243343.0
2018-12-31,3636311.0,18246858.0
2019-01-02,379663.0,18564997.0
2019-01-03,3818926.0,18211909.0
2019-01-04,3844313.0,18320396.0
2019-01-07,3934533.0,19207074.0
2019-01-08,3914421.0,19552996.0
2019-01-10,3948412.0,19616472.0
2019-01-11,4101901.0,20100929.0
2019-01-14,3725199.0,18414246.0
2019-01-15,3725935.0,18363089.0
2019-01-16,3733443.0,18371644.0
2019-01-17,3742277.0,18386683.0
2019-01-18,3760619.0,18369164.0
2019-01-21,3768745.0,18377472.0
2019-01-22,3737205.0,18389786.0
2019-01-23,3762725.0,18418998.0
2019-01-24,376969.0,18412936.0
2019-01-25,3769971.0,18419132.0
2019-01-28,3750064.0,18388273.0
2019-01-29,3768994.0,18458743.0
2019-01-30,3778842.0,18416577.0
2019-01-31,3796668.0,18553214.0
2019-02-01,3690487.0,18320572.0
2019-02-04,3844471.0,18300309.0
2019-02-05,3800949.0,18512417.0
2019-02-07,3908514.0,1919818.0
2019-02-08,3909496.0,19566348.0
2019-02-09,3924215.0,19755562.0
2019-02-10,3921674.0,19558691.0
2019-02-12,4063472.0,2045195.0
2019-02-13,3787141.0,18291981.0
2019-02-14,3804991.0,18343392.0
2019-02-15,3816091.0,18403352.0
2019-02-18,381578.0,18326658.0
2019-02-19,3819535.0,18362017.0
2019-02-20,3813376.0,18259244.0
2019-02-21,3808394.0,18203502.0
2019-02-22,3820496.0,18226912.0
2019-02-25,3814502.0,18204466.0
2019-02-26,3822356.0,18158204.0
2019-02-27,382938.0,18210102.0
2019-02-28,3825941.0,18241778.0
2019-03-01,3692009.0,18371253.0
2019-03-04,3836864.0,183173.0
2019-03-05,3816158.0,1847355.0
2019-03-06,3805878.0,1863068.0
2019-03-07,393833.0,19198763.0
2019-03-09,391458.0,19703585.0
2019-03-10,3932638.0,19609387.0
2019-03-12,4035488.0,20443038.0
2019-03-13,3870814.0,18291354.0
2019-03-14,3859841.0,18243949.0
2019-03-15,3873598.0,18237412.0
2019-03-18,3888744.0,18288919.0
2019-03-19,388029.0,18295659.0
2019-03-20,3875125.0,1835064.0
2019-03-21,386807.0,18343454.0
2019-03-22,3807785.0,18348213.0
2019-03-25,3819845.0,18318193.0
2019-03-26,3820345.0,18339563.0
2019-03-27,377976.0,18450426.0
2019-03-28,3802229.0,18370257.0
2019-03-29,3817514.0,18367755.0
2019-04-01,3712658.0,18380402.0
2019-04-02,3804142.0,18542514.0
2019-04-04,3847314.0,18291779.0
2019-04-06,382152.0,18743012.0
2019-04-07,3971033.0,19285878.0
2019-04-09,3927886.0,19673604.0
2019-04-10,3941471.0,19624036.0
2019-04-11,412353.0,20088887.0
2019-04-12,4062214.0,20507818.0
2019-04-15,3768393.0,18338172.0
2019-04-16,3774138.0,18330835.0
2019-04-17,3761376.0,18353757.0
2019-04-18,3794762.0,18360166.0
2019-04-22,3792099.0,18344691.0
2019-04-23,3810432.0,18336864.0
2019-04-24,3795507.0,18417934.0
2019-04-25,3818023.0,18467019.0
2019-04-26,3810282.0,18486184.0
2019-04-29,3804187.0,184644.0
2019-04-30,3812223.0,18464121.0
2019-05-02,3808135.0,18539629.0
2019-05-04,3845391.0,18298684.0
2019-05-06,380754.0,18612747.0
2019-05-07,3976835.0,19326939.0
2019-05-08,3863556.0,19548028.0
2019-05-09,3926145.0,19683162.0
2019-05-11,4131496.0,2011619.0
2019-05-12,4065244.0,20557618.0
2019-05-13,378224.0,18370684.0
2019-05-14,3777384.0,18380619.0
2019-05-15,3771845.0,18380622.0
2019-05-16,3756077.0,18306483.0
2019-05-17,3746119.0,18232595.0
2019-05-20,3762057.0,18248462.0
2019-05-21,3787903.0,18290825.0
2019-05-22,3780394.0,18292524.0
2019-05-23,3770009.0,18344572.0
2019-05-24,3772875.0,18359192.0
2019-05-27,3777568.0,1836968.0
2019-05-28,3801322.0,1853096.0
2019-05-29,3806854.0,18487727.0
2019-05-30,3807234.0,18488562.0
2019-05-31,3792826.0,18601843.0
2019-06-02,378946.0,18506229.0
2019-06-03,3810291.0,18119552.0
2019-06-05,3801075.0,18481913.0
2019-06-06,3833594.0,18693004.0
2019-06-08,3899697.0,195566.0
2019-06-09,3926046.0,197104.0
2019-06-11,4121482.0,20172426.0
2019-06-12,4109726.0,20568731.0
2019-06-13,3878122.0,19077449.0
2019-06-14,3855796.0,19107381.0
2019-06-17,3847862.0,19041366.0
2019-06-18,387732.0,19084865.0
2019-06-19,3894389.0,19149963.0
2019-06-21,3935015.0,19304732.0
2019-06-24,3945908.0,19289477.0
2019-06-25,3913848.0,19163879.0
2019-06-26,3918511.0,19163294.0
2019-06-27,3924951.0,19194716.0
2019-06-28,3944001.0,19226999.0
2019-07-01,3705285.0,18349112.0
2019-07-02,3772529.0,18425206.0
2019-07-03,3804077.0,18058746.0
2019-07-05,3796751.0,18482125.0
2019-07-06,3851217.0,18822941.0
2019-07-08,3901881.0,19571664.0
2019-07-10,3904609.0,1956919.0
2019-07-11,4144696.0,20298735.0
2019-07-15,4015898.0,19369785.0
2019-07-16,400619.0,19372622.0
2019-07-17,401796.0,1936958.0
2019-07-18,4033635.0,19460149.0
2019-07-19,4008735.0,19503449.0
2019-07-22,4009048.0,19531902.0
2019-07-23,3992765.0,19490296.0
2019-07-24,3983845.0,19536596.0
2019-07-25,3941436.0,19488053.0
2019-07-26,3955828.0,19492723.0
2019-07-29,3944252.0,19471692.0
2019-07-30,3930954.0,19465988.0
2019-07-31,3912527.0,19363127.0
2019-08-01,3718177.0,18352832.0
2019-08-02,3772997.0,18337525.0
2019-08-03,3807455.0,1811268.0
2019-08-04,384772.0,18316181.0
2019-08-05,3828588.0,18426848.0
2019-08-07,3985289.0,19378932.0
2019-08-08,3966663.0,1963579.0
2019-08-10,3910704.0,19618039.0
2019-08-11,4118322.0,20269999.0
2019-08-13,3979834.0,19686826.0
2019-08-14,3925975.0,19643403.0
2019-08-15,3924044.0,19655704.0
2019-08-16,3964907.0,19631036.0
2019-08-19,3958573.0,19658022.0
2019-08-20,39538.0,19649777.0
2019-08-21,3981141.0,19628259.0
2019-08-22,3971942.0,19668348.0
2019-08-23,390384.0,19727536.0
2019-08-26,3860435.0,19731221.0
2019-08-27,3884786.0,19781146.0
2019-08-28,3877549.0,19805048.0
2019-08-29,3891295.0,19780312.0
2019-08-30,3919434.0,19736698.0
2019-09-01,3747203.0,18381029.0
2019-09-04,3825805.0,18336111.0
2019-09-05,3829144.0,18426259.0
2019-09-07,3985377.0,19380619.0
2019-09-08,3980515.0,19716558.0
2019-09-09,3927579.0,19698749.0
2019-09-10,3923673.0,19704784.0
2019-09-12,4099881.0,20544001.0
2019-09-13,3952727.0,19724781.0
2019-09-16,3937572.0,19657621.0
2019-09-17,3937857.0,19592619.0
2019-09-18,3943213.0,19574005.0
2019-09-19,3947996.0,19638009.0
2019-09-20,3937482.0,19675542.0
2019-09-23,3940809.0,19641937.0
2019-09-24,3904116.0,19637163.0
2019-09-25,392751.0,19647505.0
2019-09-26,3950584.0,19689141.0
2019-09-27,3954034.0,1964559.0
2019-09-30,3966524.0,19660403.0
2019-10-01,373757.0,18336862.0
2019-10-04,3831002.0,18333994.0
2019-10-05,3809265.0,18421711.0
2019-10-06,3853318.0,18867442.0
2019-10-07,4016419.0,19364237.0
2019-10-09,3934033.0,19706199.0
2019-10-10,3948825.0,19731699.0
2019-10-12,4093673.0,20532588.0
2019-10-14,3987191.0,19837895.0
2019-10-15,398298.0,19777689.0
2019-10-16,3998607.0,19842125.0
2019-10-17,3989818.0,19770813.0
2019-10-18,3996227.0,198414.0
2019-10-21,4016541.0,19905657.0
2019-10-22,4030906.0,19927896.0
2019-10-23,4052889.0,200035.0
2019-10-24,4048903.0,20001105.0
2019-10-25,4074644.0,2007715.0
2019-10-28,4087254.0,20123203.0
2019-10-29,4086364.0,20154437.0
2019-10-30,4107281.0,20251946.0
2019-10-31,4084303.0,20020118.0
2019-11-01,3722075.0,18348468.0
2019-11-02,3751739.0,18298383.0
2019-11-03,3844489.0,18166091.0
2019-11-04,3800139.0,18367439.0
2019-11-06,3869399.0,18997512.0
2019-11-07,4017706.0,19339541.0
2019-11-09,3961551.0,19677915.0
2019-11-10,3990187.0,19814754.0
2019-11-11,4127724.0,20272026.0
2019-11-12,410898.0,20547795.0
2019-11-13,407869.0,20203039.0
2019-11-14,4082801.0,2023338.0
2019-11-18,4076465.0,20240147.0
2019-11-19,4064527.0,2023693.0
2019-11-20,4064684.0,2023828.0
2019-11-21,408428.0,20339124.0
2019-11-22,4104732.0,2033714.0
2019-11-25,40971.0,20370376.0
2019-11-26,4076351.0,20356527.0
2019-11-27,4083059.0,20369257.0
2019-11-28,4090559.0,20385264.0
2019-11-29,4078558.0,20358857.0
2019-12-02,3783682.0,18390155.0
2019-12-03,3845141.0,18219519.0
2019-12-04,3776232.0,18393254.0
2019-12-06,3856551.0,18975662.0
2019-12-07,4024772.0,19372346.0
2019-12-08,3944898.0,19702444.0
2019-12-09,3971808.0,1968403.0
2019-12-11,4097934.0,20268032.0
2019-12-12,4159544.0,20636204.0
2019-12-13,4146919.0,20691747.0
2019-12-16,4151128.0,20722211.0
2019-12-17,4117055.0,20697786.0
2019-12-18,414507.0,20762767.0
2019-12-19,4134791.0,20820965.0
2019-12-20,4159204.0,20872421.0
2019-12-23,4160197.0,20893433.0
2019-12-24,4160666.0,20896156.0
2019-12-26,4197809.0,20951674.0
2019-12-27,4200787.0,20967719.0
2019-12-30,4208115.0,2092042.0
2019-12-31,4208495.0,20922854.0
2020-01-04,3575618.0,23394888.0
2020-01-06,3732777.0,23752577.0
2020-01-07,3721851.0,24311521.0
2020-01-09,390529.0,24814388.0
2020-01-10,3755489.0,24530297.0
2020-01-12,3993326.0,24651443.0
2020-01-13,4256627.0,21089504.0
2020-01-14,4260712.0,21109242.0
2020-01-15,4254015.0,2114102.0
2020-01-16,4250372.0,21165784.0
2020-01-17,4278048.0,21235103.0
2020-01-20,4282619.0,21266509.0
2020-01-21,4253706.0,21179026.0
2020-01-22,4276685.0,21258043.0
2020-01-23,427148.0,2127041.0
2020-01-24,4243216.0,21240871.0
2020-01-27,4169955.0,21162711.0
2020-01-28,4198114.0,21142797.0
2020-01-29,4190404.0,21104087.0
2020-01-30,4157057.0,21083947.0
2020-01-31,412082.0,21077847.0
2020-02-01,4245001.0,21046831.0
2020-02-03,4038352.0,21566472.0
2020-02-04,3588666.0,23402365.0
2020-02-06,374377.0,23780969.0
2020-02-07,3723946.0,24319797.0
2020-02-09,38927.0,24846675.0
2020-02-10,3729932.0,24559726.0
2020-02-12,4005213.0,24625657.0
2020-02-13,421306.0,209758.0
2020-02-14,4196724.0,20933855.0
2020-02-17,4200307.0,20959528.0
2020-02-18,4200074.0,20944487.0
2020-02-19,4228787.0,2101862.0
2020-02-20,4186245.0,20998383.0
2020-02-21,4166583.0,2098648.0
2020-02-26,400592.0,20870584.0
2020-02-27,3981914.0,21138407.0
2020-02-28,3998637.0,2135167.0
2020-03-01,4215192.0,21007447.0
2020-03-02,414438.0,21107166.0
2020-03-03,3999328.0,21793733.0
2020-03-04,3576304.0,23466706.0
2020-03-06,3741341.0,23849634.0
2020-03-07,3722035.0,24339108.0
2020-03-08,3827173.0,24398889.0
2020-03-09,3874191.0,24758121.0
2020-03-11,3754315.0,24632368.0
2020-03-12,4032221.0,24664577.0
2020-03-13,3467844.0,23331132.0
2020-03-16,3513263.0,2354413.0
2020-03-17,3536009.0,23505379.0
2020-03-18,3419214.0,23489361.0
2020-03-19,3486629.0,23421358.0
2020-03-20,3489878.0,23222225.0
2020-03-23,3482741.0,23284266.0
2020-03-24,3499949.0,23184186.0
2020-03-25,3510312.0,23315118.0
2020-03-26,3521228.0,23336479.0
2020-03-27,3531632.0,23326814.0
2020-03-30,3539848.0,23369597.0
2020-03-31,3565902.0,23423172.0
2020-04-02,4175088.0,21118037.0
2020-04-03,406124.0,21991403.0
2020-04-05,3623842.0,23751606.0
2020-04-06,3756664.0,23838178.0
2020-04-08,3819529.0,24394427.0
2020-04-09,3882215.0,24709366.0
2020-04-11,3755224.0,24612734.0
2020-04-12,4061741.0,2473175.0
2020-04-13,3621706.0,23412652.0
2020-04-14,3641433.0,23434189.0
2020-04-15,3633515.0,23446467.0
2020-04-16,3633796.0,23473819.0
2020-04-17,3638538.0,23464576.0
2020-04-20,3631313.0,23599342.0
2020-04-22,365343.0,23775422.0
2020-04-23,3656303.0,23808867.0
2020-04-24,3648101.0,23875739.0
2020-04-27,3652642.0,23825904.0
2020-04-28,3647656.0,23782889.0
2020-04-29,3647309.0,23757998.0
2020-04-30,363897.0,23782234.0
2020-05-02,4211397.0,21104328.0
2020-05-03,3985027.0,22036623.0
2020-05-05,363329.0,23784049.0
2020-05-06,3740555.0,23846945.0
2020-05-08,3865234.0,24464801.0
2020-05-10,3765715.0,24514414.0
2020-05-11,3795274.0,2461055.0
2020-05-13,3717651.0,23870493.0
2020-05-14,3713903.0,23867572.0
2020-05-15,370236.0,23791242.0
2020-05-18,3701971.0,23697786.0
2020-05-19,3710939.0,23744946.0
2020-05-20,3723098.0,2379591.0
2020-05-21,3713733.0,23720966.0
2020-05-22,3702471.0,23687529.0
2020-05-25,3711471.0,23697478.0
2020-05-26,3709571.0,23718756.0
2020-05-27,3709266.0,23718831.0
2020-05-28,371772.0,23744968.0
2020-05-29,3728545.0,23779288.0
2020-06-01,4193074.0,21016598.0
2020-06-02,419566.0,21026954.0
2020-06-03,3900265.0,22064382.0
2020-06-04,361289.0,2342064.0
2020-06-05,3639496.0,23818131.0
2020-06-07,3755209.0,2436142.0
2020-06-08,3895446.0,24546262.0
2020-06-10,3740987.0,24486732.0
2020-06-11,3797269.0,24575665.0
2020-06-15,3731828.0,24016958.0
2020-06-16,3755564.0,24034307.0
2020-06-17,3763146.0,24126236.0
2020-06-18,375634.0,24161658.0
2020-06-19,37502.0,24251339.0
2020-06-22,374951.0,24247013.0
2020-06-23,3750558.0,24249443.0
2020-06-24,3734847.0,2420669.0
2020-06-25,3741335.0,24244784.0
2020-06-26,3714828.0,24259546.0
2020-06-29,3713143.0,24260751.0
2020-06-30,3718282.0,24269741.0
2020-07-01,4198272.0,21038432.0
2020-07-02,4141214.0,21049171.0
2020-07-04,3604158.0,23413634.0
2020-07-05,3656105.0,23877649.0
2020-07-07,372815.0,24337596.0
2020-07-08,3878881.0,24531089.0
2020-07-10,3742039.0,24486495.0
2020-07-12,4066425.0,24709658.0
2020-07-13,3730218.0,24255758.0
2020-07-14,3749172.0,24311866.0
2020-07-15,3773188.0,24348169.0
2020-07-16,3750067.0,24292714.0
2020-07-17,3782252.0,24397372.0
2020-07-20,3796612.0,24461147.0
2020-07-21,3817622.0,24450948.0
2020-07-22,3829767.0,24481079.0
2020-07-23,3804446.0,24437892.0
2020-07-24,3812191.0,24403949.0
2020-07-27,3835457.0,24440129.0
2020-07-28,3838374.0,24451613.0
2020-07-29,3840181.0,24499254.0
2020-07-30,3832127.0,24455441.0
2020-07-31,3825981.0,24423085.0
2020-08-01,4217004.0,21011187.0
2020-08-04,3613981.0,2338254.0
2020-08-05,3670673.0,23871491.0
2020-08-06,3776739.0,23921199.0
2020-08-07,3745697.0,24315347.0
2020-08-09,3856384.0,24660204.0
2020-08-10,3762052.0,24459185.0
2020-08-12,4068828.0,24705329.0
2020-08-13,3857426.0,24616776.0
2020-08-14,3855644.0,24655855.0
2020-08-17,3848211.0,24686516.0
2020-08-18,3883591.0,24676877.0
2020-08-19,3861526.0,24689715.0
2020-08-20,385587.0,24717434.0
2020-08-21,3839321.0,24721173.0
2020-08-24,3853375.0,2472416.0
2020-08-25,3865133.0,24739131.0
2020-08-26,3847488.0,24793039.0
2020-08-27,3846311.0,24805303.0
2020-08-28,3887872.0,24806167.0
2020-08-31,3859456.0,2478497.0
2020-09-01,4221336.0,20982337.0
2020-09-03,3700868.0,22401208.0
2020-09-04,3619052.0,23387832.0
2020-09-06,37714.0,23920746.0
2020-09-07,3729394.0,24266138.0
2020-09-09,3888394.0,246657.0
2020-09-10,3757091.0,24536346.0
2020-09-11,3848151.0,24491372.0
2020-09-12,4062113.0,24674522.0
2020-09-14,3859481.0,24617407.0
2020-09-15,3883803.0,24632454.0
2020-09-16,3884036.0,24648667.0
2020-09-17,3886186.0,24617789.0
2020-09-18,3859162.0,24558142.0
2020-09-21,3807088.0,24496771.0
2020-09-22,3802805.0,24543975.0
2020-09-23,3758913.0,24543185.0
2020-09-24,3767581.0,24511171.0
2020-09-25,3759313.0,24521107.0
2020-09-28,3732343.0,24500043.0
2020-09-29,3719125.0,24512304.0
2020-09-30,3735623.0,24495186.0
2020-10-01,4232743.0,20949069.0
2020-10-02,4134038.0,20948668.0
2020-10-03,3746592.0,22282533.0
2020-10-06,3764835.0,23950368.0
2020-10-07,3737641.0,242972.0
2020-10-08,3891901.0,24544328.0
2020-10-09,3858213.0,24613349.0
2020-10-11,3847088.0,24495656.0
2020-10-12,406914.0,24708272.0
2020-10-13,374284.0,24535674.0
2020-10-14,3759742.0,24536641.0
2020-10-15,3748165.0,24578951.0
2020-10-16,3755428.0,24611665.0
2020-10-19,3749909.0,24575527.0
2020-10-20,3767694.0,24559274.0
2020-10-21,3773218.0,24597163.0
2020-10-22,3784115.0,24583206.0
2020-10-23,3772439.0,24621008.0
2020-10-26,3756654.0,24572744.0
2020-10-27,375222.0,24600616.0
2020-10-28,3689528.0,24608574.0
2020-10-29,3707668.0,24631647.0
2020-10-30,3705216.0,24626744.0
2020-11-02,4186819.0,20981196.0
2020-11-03,3620816.0,22521541.0
2020-11-05,368643.0,23857487.0
2020-11-08,3870215.0,24573489.0
2020-11-09,3843352.0,24602205.0
2020-11-11,3832517.0,24508738.0
2020-11-12,4074747.0,24687495.0
2020-11-13,3830898.0,24546534.0
2020-11-16,386578.0,24568476.0
2020-11-17,3883927.0,24554016.0
2020-11-18,3885579.0,24535043.0
2020-11-19,3888007.0,24511049.0
2020-11-20,388654.0,24572856.0
2020-11-23,3923141.0,24593249.0
2020-11-24,3958635.0,2463026.0
2020-11-25,3967484.0,2463572.0
2020-11-26,3972515.0,24592485.0
2020-11-27,3984504.0,2458835.0
2020-11-30,3966606.0,24590884.0
2020-12-02,4224482.0,21004533.0
2020-12-03,3227511.0,23567097.0
2020-12-05,3692591.0,23856819.0
2020-12-06,373204.0,23964886.0
2020-12-08,387923.0,24623805.0
2020-12-11,3794641.0,24507008.0
2020-12-14,406683.0,24709532.0
2020-12-15,4106229.0,24747721.0
2020-12-16,4125388.0,24753946.0
2020-12-17,4155218.0,24764981.0
2020-12-18,4162909.0,24757232.0
2020-12-21,4134682.0,24738486.0
2020-12-22,413719.0,24716027.0
2020-12-23,4183659.0,24723717.0
2020-12-24,4185075.0,24724074.0
2020-12-28,4189936.0,24721807.0
2020-12-29,4209143.0,24749484.0
2020-12-30,4230302.0,24783028.0
2020-12-31,4231666.0,24783436.0
2021-01-02,4202837.0,24586129.0
2021-01-03,4159823.0,2461979.0
2021-01-04,4225402.0,24756017.0
2021-01-06,4477942.0,2525903.0
2021-01-07,4438954.0,25124852.0
2021-01-13,4265838.0,2477881.0
2021-01-14,4311946.0,24863329.0
2021-01-15,4273374.0,24746778.0
2021-01-18,4268702.0,24739949.0
2021-01-19,4281368.0,24692258.0
2021-01-20,4291944.0,24691903.0
2021-01-21,4283825.0,24710811.0
2021-01-22,4232964.0,24710141.0
2021-01-25,4232967.0,24710907.0
2021-01-26,4262108.0,2466568.0
2021-01-27,4187734.0,24582249.0
2021-01-28,4218842.0,24574313.0
2021-01-29,4145063.0,24538279.0
2021-02-02,4245796.0,24625653.0
2021-02-03,4170294.0,24614411.0
2021-02-06,4488899.0,25313648.0
2021-02-07,4444196.0,25187811.0
2021-02-08,4347698.0,25096598.0
2021-02-17,4339208.0,24685917.0
2021-02-18,4320076.0,24661262.0
2021-02-19,4319365.0,24641556.0
2021-02-22,4240312.0,24520972.0
2021-02-23,4292025.0,2452123.0
2021-02-24,4336787.0,24575616.0
2021-02-25,4211707.0,24438898.0
2021-02-26,4125612.0,24427806.0
2021-03-02,4267505.0,24650647.0
2021-03-03,4142956.0,24598327.0
2021-03-05,4356088.0,24659201.0
2021-03-08,4355808.0,25139894.0
2021-03-15,4237477.0,24817618.0
2021-03-16,423557.0,24788089.0
2021-03-17,4279951.0,24809076.0
2021-03-18,4226657.0,24655575.0
2021-03-19,4251485.0,24640498.0
2021-03-22,4227491.0,24705387.0
2021-03-23,4160101.0,24737969.0
2021-03-24,4132099.0,24778528.0
2021-03-25,4155386.0,24784619.0
2021-03-26,4183232.0,24742913.0
2021-03-29,4188965.0,24718942.0
2021-03-30,4198686.0,24653109.0
2021-03-31,42277.0,24667796.0
2021-04-01,423966.0,24803403.0
2021-04-02,4251988.0,24662414.0
2021-04-03,4142452.0,24396558.0
2021-04-05,4333797.0,24606718.0
2021-04-06,4467848.0,25314572.0
2021-04-08,4351083.0,25086081.0
2021-04-13,4266114.0,247867.0
2021-04-14,4289032.0,24752798.0
2021-04-15,4306923.0,24792872.0
2021-04-16,431625.0,24749384.0
2021-04-19,4350851.0,24731902.0
2021-04-20,434138.0,24713412.0
2021-04-22,432416.0,24633161.0
2021-04-23,4343742.0,24649304.0
2021-04-26,4364524.0,24688655.0
2021-04-27,4339541.0,24638527.0
2021-04-28,4367284.0,24723909.0
2021-04-29,4359694.0,24662868.0
2021-04-30,4347498.0,24590352.0
2021-05-01,4268952.0,24798397.0
2021-05-02,4289158.0,24701668.0
2021-05-03,4174883.0,2446634.0
2021-05-04,4225871.0,24742971.0
2021-05-05,437248.0,24730373.0
2021-05-07,4433574.0,25167072.0
2021-05-08,4369963.0,25182587.0
2021-05-13,4370578.0,24832026.0
2021-05-14,4386781.0,24900164.0
2021-05-17,439946.0,24936972.0
2021-05-18,4401402.0,24964101.0
2021-05-19,4378933.0,24894075.0
2021-05-20,4388025.0,24912318.0
2021-05-21,4419019.0,24890879.0
2021-05-24,4424362.0,25007053.0
2021-05-25,4411735.0,24912975.0
2021-05-26,4414953.0,24950018.0
2021-05-27,4438621.0,25009179.0
2021-05-28,4439452.0,25058078.0
2021-05-31,4440209.0,25115419.0
2021-06-01,4268135.0,24816715.0
2021-06-04,4254479.0,24729199.0
2021-06-05,4383319.0,24823823.0
2021-06-07,4385408.0,2504753.0
2021-06-08,4369608.0,25200435.0
2021-06-14,4470338.0,25281234.0
2021-06-15,448534.0,25298548.0
2021-06-16,4456948.0,25245517.0
2021-06-17,4423435.0,25237518.0
2021-06-18,4417829.0,2532886.0
2021-06-21,4449156.0,25303485.0
2021-06-22,4457959.0,25339213.0
2021-06-23,4456847.0,25349997.0
2021-06-24,4466616.0,2536571.0
2021-06-25,4457903.0,25239427.0
2021-06-28,4453722.0,25196597.0
2021-06-29,4442643.0,25151815.0
2021-06-30,444273.0,25174349.0
2021-07-01,4285528.0,24701531.0
2021-07-04,4255994.0,24738038.0
2021-07-05,4420297.0,249785.0
2021-07-06,446334.0,25364972.0
2021-07-07,4399631.0,25033085.0
2021-07-13,4407679.0,25178882.0
2021-07-14,4387246.0,25222449.0
2021-07-15,4372753.0,25165874.0
2021-07-16,4355889.0,25101255.0
2021-07-19,4287905.0,24908962.0
2021-07-20,431518.0,24904588.0
2021-07-21,4337113.0,24987082.0
2021-07-22,4346793.0,25041944.0
2021-07-23,435524.0,25128605.0
2021-07-26,4374093.0,25178446.0
2021-07-27,4360749.0,25114215.0
2021-07-28,4377099.0,25218455.0
2021-07-29,4402319.0,25218677.0
2021-07-30,4351182.0,2501624.0
2021-08-01,4310742.0,24692566.0
2021-08-02,4302287.0,24682068.0
2021-08-03,4119528.0,24393526.0
2021-08-04,4264802.0,24714483.0
2021-08-06,4458408.0,25297101.0
2021-08-07,4358186.0,2496628.0
2021-08-13,4396179.0,25200153.0
